"","semana","new_cases_sint_pais","new_cases_pais","oportunidad_pais"
"1",17,1074,1502,0.715046604527297
"2",18,2537,3579,0.708857222687902
"3",19,2598,4097,0.634122528679522
"4",20,3195,6537,0.488756310234052
"5",21,4484,12147,0.369144644768256
"6",22,4177,14521,0.287652365539563
"7",23,4854,16347,0.296935217471096
